updatedyear,code,gen,spec,genus,species,family,lifespan,growthform,origin,photo,Comments
2023,1,pascop,smith,pascopyrum,smithii,poaceae,p,g,n,c3,
2023,2,androp,gerar,andropogon,gerardii,poaceae,p,g,n,c4,
2023,3,schiza,scopa,schizachyrium,scoparium,poaceae,p,g,n,c4,
2023,4,boutel,curti,bouteloua,curtipendula,poaceae,p,g,n,c4,
2023,5,boutel,graci,bouteloua,gracilis,poaceae,p,g,n,c4,
2023,6,boutel,hirsu,bouteloua,hirsuta,poaceae,p,g,n,c4,
2023,7,boutel,dacty,bouteloua,dactyloides,poaceae,p,g,n,c4,
2023,8,chlori,verti,chloris,verticillata,poaceae,p,g,n,c4,
2023,9,elymus,canad,elymus,canadensis,poaceae,p,g,n,c3,
2023,10,elymus,virgi,elymus,virginicus,poaceae,p,g,n,c3,
2023,11,eragro,spect,eragrostis,spectabilis,poaceae,p,g,n,c4,
2023,12,koeler,macra,koeleria,macrantha,poaceae,p,g,n,c3,
2023,13,muhlen,cuspi,muhlenbergia,cuspidata,poaceae,p,g,n,c4,
2023,14,dichan,oligo,dichanthelium,oligosanthes,poaceae,p,g,n,c3,
2023,15,panicu,virga,panicum,virgatum,poaceae,p,g,n,c4,
2023,16,dichan,ovale,dichanthelium,ovale,poaceae,p,g,n,c3,
2023,17,poa,prate,poa,pratensis,poaceae,p,g,i,c3,
2023,18,sorgha,nutan,sorghastrum,nutans,poaceae,p,g,n,c4,
2023,19,sparti,pecti,spartina,pectinata,poaceae,p,g,n,c4,
2023,20,spheno,obtus,sphenopholis,obtusata,poaceae,p,g,n,c3,
2023,21,sporob,compo,sporobolus,compositus,poaceae,p,g,n,c4,
2023,22,sporob,crypt,sporobolus,cryptandrus,poaceae,p,g,n,c4,
2023,23,sporob,heter,sporobolus,heterolepis,poaceae,p,g,n,c4,
2023,24,aristi,oliga,aristida,oligantha,poaceae,a,g,n,c4,
2023,25,bromus,arven,bromus,arvensis,poaceae,a,g,i,c3,
2023,26,bromus,tecto,bromus,tectorum,poaceae,a,g,i,c3,
2023,27,vulpia,octof,vulpia,octoflora,poaceae,a,g,n,c3,
2023,28,hordeu,pusil,hordeum,pusillum,poaceae,a,g,n,c3,
2023,29,panicu,capil,panicum,capillare,poaceae,a,g,n,c4,
2023,30,schedo,panic,schedonnardus,paniculatus,poaceae,p,g,n,c4,
2023,31,carex,brevi,carex,brevior,cyperaceae,p,s,n,.,
2023,32,carex,gravi,carex,gravida,cyperaceae,p,s,n,.,
2023,33,carex,inops,carex,inops,cyperaceae,p,s,n,.,
2023,34,carex,meadi,carex,meadii,cyperaceae,p,s,n,.,
2023,35,carex,bland,carex,blanda,cyperaceae,p,s,n,.,
2023,36,cyperu,lupul,cyperus,lupulinus,cyperaceae,p,s,n,.,
2023,37,cyperu,xmeso,cyperus,x mesochorus,cyperaceae,p,s,n,.,
2023,38,eleoch,compr,eleocharis,compressa,cyperaceae,p,s,n,.,
2023,39,eleoch,eryth,eleocharis,erythropoda,cyperaceae,p,s,n,.,
2023,40,amorph,canes,amorpha,canescens,fabaceae,p,w,n,.,
2023,41,ceanot,herba,ceanothus,herbaceus,rhamnaceae,p,w,n,.,
2023,42,rosa,arkan,rosa,arkansana,rosaceae,p,w,n,.,
2023,43,sympho,orbic,symphoricarpos,orbiculatus,caprifoliaceae,p,w,n,.,
2023,44,achill,mille,achillea,millefolium,asteraceae,p,f,n,.,
2023,45,allium,canad,allium,canadense,liliaceae,p,m,n,.,
2023,46,ambros,psilo,ambrosia,psilostachya,asteraceae,p,f,n,.,
2023,47,andros,occid,androsace,occidentalis,primulaceae,a,f,n,.,
2023,48,anemon,carol,anemone,caroliniana,ranunculaceae,p,f,n,.,
2023,49,antenn,negle,antennaria,neglecta,asteraceae,p,f,n,.,
2023,50,apocyn,canna,apocynum,cannabinum,apocynaceae,p,f,n,.,
2023,51,argemo,polya,argemone,polyanthemos,papaveraceae,a,f,n,.,
2023,52,artemi,ludov,artemisia,ludoviciana,asteraceae,p,f,n,.,
2023,53,.,.,.,.,.,.,.,.,.,
2023,54,asclep,steno,asclepias,stenophylla,asclepiadaceae,p,f,n,.,
2023,55,asclep,verti,asclepias,verticillata,asclepiadaceae,p,f,n,.,
2023,56,asclep,virds,asclepias,viridis,asclepiadaceae,p,f,n,.,
2023,57,asclep,tuber,asclepias,tuberosa,asclepiadaceae,p,f,n,.,
2023,58,symphy,erico,symphyotrichum,ericoides,asteraceae,p,f,n,.,
2023,59,symphy,oblon,symphyotrichum,oblongifolium,asteraceae,p,f,n,.,
2023,60,symphy,seric,symphyotrichum,sericeum,asteraceae,p,f,n,.,
2023,61,astrag,crass,astragalus,crassicarpus,fabaceae,p,f,n,.,
2023,62,astrag,lotif,astragalus,lotiflorus,fabaceae,p,f,n,.,
2023,63,astrag,platt,astragalus,plattensis,fabaceae,p,f,n,.,
2023,64,astrag,canad,astragalus,canadensis,fabaceae,p,f,n,.,
2023,65,baptis,austr,baptisia,australis,fabaceae,p,f,n,.,
2023,66,baptis,bract,baptisia,bracteata,fabaceae,p,f,n,.,
2023,67,arnogl,plant,arnoglossum,plantagineum,asteraceae,p,f,n,.,
2023,68,callir,alcae,callirhoe,alcaeoides,malvaceae,p,f,n,.,
2023,69,callir,invol,callirhoe,involucrata,malvaceae,p,f,n,.,
2023,70,cirsiu,undul,cirsium,undulatum,asteraceae,p,f,n,.,
2023,71,conyza,canad,conyza,canadensis,asteraceae,a,f,n,.,
2023,72,croton,monan,croton,monanthogynus,euphorbiaceae,a,f,n,.,
2023,73,delphi,carol,delphinium,carolinianum,ranunculaceae,p,f,n,.,
2023,74,descur,pinna,descurainia,pinnata,brassicaceae,a,f,n,.,
2023,75,draba,repta,draba,reptans,brassicaceae,a,f,n,.,
2023,76,echina,angus,echinacea,angustifolia,asteraceae,p,f,n,.,
2023,77,eriger,strig,erigeron,strigosus,asteraceae,a,f,n,.,
2023,78,euphor,margi,euphorbia,marginata,euphorbiaceae,a,f,n,.,
2023,79,euphor,spath,euphorbia,spathulata,euphorbiaceae,a,f,n,.,
2023,80,euphor,glypt,euphorbia,glyptosperma,euphorbiaceae,a,f,n,.,
2023,81,gerani,carol,geranium,carolinianum,geraniaceae,a,f,n,.,
2023,82,hedeom,hispi,hedeoma,hispida,lamiaceae,a,f,n,.,
2023,83,hierac,longi,hieracium,longipilum,asteraceae,p,f,n,.,
2023,84,hybant,verti,hybanthus,verticillatus,violaceae,p,f,n,.,
2023,85,hymeno,scabi,hymenopappus,scabiosaeus,asteraceae,b,f,n,.,
2023,86,bricke,eupat,brickellia,eupatorioides,asteraceae,p,f,n,.,
2023,87,lactuc,serri,lactuca,serriola,asteraceae,a,f,i,.,
2023,88,lathyr,polym,lathyrus,polymorphus,fabaceae,p,f,n,.,
2023,89,lepidi,densi,lepidium,densiflorum,brassicaceae,a,f,i,.,
2023,90,lesped,capit,lespedeza,capitata,fabaceae,p,f,n,.,
2023,91,liatri,punct,liatris,punctata,asteraceae,p,f,n,.,
2023,92,linum,sulca,linum,sulcatum,linaceae,a,f,n,.,
2023,93,lithos,incis,lithospermum,incisum,boraginaceae,p,f,n,.,
2023,94,lomati,foeni,lomatium,foeniculaceum,apiaceae,p,f,n,.,
2023,95,nothoc,cuspi,nothocalais,cuspidata,asteraceae,p,f,n,.,
2023,96,coryph,misso,coryphantha,missouriensis,cactaceae,p,f,n,.,
2023,97,oenoth,macro,oenothera,macrocarpa,onagraceae,p,f,n,.,
2023,98,.,.,.,.,.,.,.,.,.,
2023,99,oenoth,speci,oenothera,speciosa,onagraceae,p,f,n,.,
2023,100,oenoth,bienn,oenothera,biennis,onagraceae,b,f,n,.,
2023,101,opunti,macro,opuntia,macrorhiza,cactaceae,p,f,n,.,
2023,102,oxalis,stric,oxalis,stricta,oxalidaceae,p,f,n,.,
2023,103,oxalis,viola,oxalis,violacea,oxalidaceae,p,f,n,.,
2023,104,penste,cobae,penstemon,cobaea,plantaginaceae,p,f,n,.,
2023,105,penste,grand,penstemon,grandiflorus,plantaginaceae,p,f,n,.,
2023,106,dalea,candi,dalea,candida,fabaceae,p,f,n,.,
2023,107,dalea,multi,dalea,multiflora,fabaceae,p,f,n,.,
2023,108,.,.,.,.,.,.,.,.,.,
2023,109,dalea,purpu,dalea,purpurea,fabaceae,p,f,n,.,
2023,110,lactuc,salig,lactuca,saligna,asteraceae,a,f,i,.,
2023,111,physal,pumil,physalis,pumila,solanaceae,p,f,n,.,
2023,112,physal,virgi,physalis,virginiana,solanaceae,p,f,n,.,
2023,113,cratae,molli,crataegus,mollis,rosaceae,p,w,n,.,
2023,114,planta,rhodo,plantago,rhodosperma,plantaginaceae,a,f,n,.,
2023,115,polyga,verti,polygala,verticillata,polygalaceae,a,f,n,.,
2023,116,pediom,escul,pediomelum,esculentum,fabaceae,p,f,n,.,
2023,117,pediom,tenui,pediomelum,tenuiflorum,fabaceae,p,f,n,.,
2023,118,ratibi,colum,ratibida,columnifera,asteraceae,p,f,n,.,
2023,119,rudbec,hirta,rudbeckia,hirta,asteraceae,b,f,n,.,
2023,120,ruelli,humil,ruellia,humilis,acanthaceae,p,f,n,.,
2023,121,salvia,azure,salvia,azurea,lamiaceae,p,f,n,.,
2023,122,mimosa,quadr,mimosa,quadrivalvis,fabaceae,p,f,n,.,
2023,123,packer,platt,packera,plattensis,asteraceae,b,f,n,.,
2023,124,silene,antir,silene,antirrhina,caryophyllaceae,a,f,n,.,
2023,125,sisyri,campe,sisyrinchium,campestre,iridaceae,p,m,n,.,
2023,126,solanu,carol,solanum,carolinense,solanaceae,p,f,n,.,
2023,127,solida,altis,solidago,altissima,asteraceae,p,f,n,.,
2023,128,solida,misso,solidago,missouriensis,asteraceae,p,f,n,.,
2023,129,solida,molli,solidago,mollis,asteraceae,p,f,n,.,
2023,130,solida,rigid,solidago,rigida,asteraceae,p,f,n,.,
2023,131,solida,speci,solidago,speciosa,asteraceae,p,f,n,.,
2023,132,spermo,inerm,spermolepis,inermis,apiaceae,a,f,n,.,
2023,133,trades,bract,tradescantia,bracteata,commelinaceae,p,m,n,.,
2023,134,tragia,beton,tragia,betonicifolia,euphorbiaceae,p,f,n,.,
2023,135,tragop,dubiu,tragopogon,dubius,asteraceae,b,f,i,.,
2023,136,trioda,lepto,triodanis,leptocarpa,campanulaceae,a,f,n,.,
2023,137,trioda,perfo,triodanis,perfoliata,campanulaceae,a,f,n,.,
2023,138,glandu,bipin,glandularia,bipinnatifida,verbenaceae,p,f,n,.,
2023,139,verben,stric,verbena,stricta,verbenaceae,p,f,n,.,
2023,140,vernon,baldw,vernonia,baldwinii,asteraceae,p,f,n,.,
2023,141,viola,bicol,viola,bicolor,violaceae,a,f,n,.,
2023,142,galium,apari,galium,aparine,rubiaceae,a,f,n,.,
2023,143,lesped,viola,lespedeza,violacea,fabaceae,p,f,n,.,
2023,144,pediom,argop,pediomelum,argophyllum,fabaceae,p,f,n,.,
2023,145,desmod,illin,desmodium,illinoense,fabaceae,p,f,n,.,
2023,146,juncus,inter,juncus,interior,juncaceae,p,s,n,.,
2023,147,viola,pedat,viola,pedatifida,violaceae,p,f,n,.,
2023,148,prunus,ameri,prunus,americana,rosaceae,p,w,n,.,
2023,149,scutel,parvu,scutellaria,parvula,lamiaceae,p,f,n,.,
2023,150,agrost,hyema,agrostis,hyemalis,poaceae,p,g,n,c3,
2023,151,kummer,stipu,kummerowia,stipulacea,fabaceae,a,f,i,.,
2023,152,asclep,virdf,asclepias,viridiflora,asclepiadaceae,p,f,n,.,
2023,153,agerat,altis,ageratina,altissima,asteraceae,p,f,n,.,
2023,154,comand,umbel,comandra,umbellata,santalaceae,p,f,n,.,
2023,155,agalin,asper,agalinis,aspera,orobanchaceae,a,f,n,.,
2023,156,acalyp,virgi,acalypha,virginica,euphorbiaceae,a,f,n,.,
2023,157,myosot,verna,myosotis,verna,boraginaceae,a,f,n,.,
2023,158,ulmus,ameri,ulmus,americana,cannabaceae,p,w,n,.,
2023,159,pariet,pensy,parietaria,pensylvanica,urticaceae,a,f,n,.,
2023,160,ambros,trifi,ambrosia,trifida,asteraceae,a,f,n,.,
2023,161,asclep,syria,asclepias,syriaca,asclepiadaceae,p,f,n,.,
2023,162,taraxa,offic,taraxacum,officinale,asteraceae,p,f,i,.,
2023,163,medica,lupul,medicago,lupulina,fabaceae,a,f,i,.,
2023,164,cornus,drumm,cornus,drummondii,cornaceae,p,w,n,.,
2023,165,cyperu,spp.,cyperus,spp.,cyperaceae,p,s,n,.,
2023,166,chenop,album,chenopodium,album,amaranthaceae,a,f,i,.,
2023,167,dichan,linea,dichanthelium,linearifolium,poaceae,p,g,n,c3,
2023,168,digita,cogna,digitaria,cognata,poaceae,p,g,n,c4,
2023,169,capsel,bursa,capsella,bursa-pastoris,brassicaceae,a,f,i,.,
2023,170,stroph,leios,strophostyles,leiosperma,fabaceae,a,f,n,.,
2023,171,.,.,.,.,.,.,.,.,.,
2023,172,euphor,corol,euphorbia,corollata,euphorbiaceae,p,f,n,.,
2023,173,symphy,spp.,aster,spp.,asteraceae,p,f,n,.,
2023,174,oenoth,curti,oenothera,curtiflora,onagraceae,a,f,n,.,
2023,175,toxico,nutta,toxicoscordion,nuttallii,melanthiaceae,p,m,n,.,
2023,176,Lithos,occid,lithospermum,occidentale,boraginaceae,p,f,n,.,
2023,177,rumex,crisp,rumex,crispus,polygonaceae,p,f,i,.,
2023,178,bromus,inerm,bromus,inermis,poaceae,p,g,i,c3,
2023,179,prunel,vulga,prunella,vulgaris,lamiaceae,p,f,n,.,
2023,180,teucri,canad,teucrium,canadense,lamiaceae,p,f,n,.,
2023,181,equise,laevi,equisetum,laevigatum,equisetaceae,p,c,n,.,
2023,182,lotus,corni,lotus,corniculatus,fabaceae,p,f,i,.,
2023,183,grinde,squar,grindelia,squarrosa,asteraceae,b,f,n,.,
2023,184,rumex,altis,rumex,altissimus,polygonaceae,p,f,n,.,
2023,185,calyst,macou,calystegia,macounii,convolvulaceae,p,f,n,.,
2023,186,melilo,offic,melilotus,officinalis,fabaceae,b,f,i,.,
2023,187,verbas,blatt,verbascum,blattaria,scrophulariaceae,b,f,i,.,
2023,188,.,.,.,.,.,.,.,.,.,
2023,189,tripsa,dacty,tripsacum,dactyloides,poaceae,p,g,n,c4,
2023,190,setari,pumil,setaria,pumila,poaceae,a,g,i,c4,
2023,191,lycopu,ameri,lycopus,americanus,lamiaceae,p,f,n,.,
2023,192,cynanc,laeve,cynanchum,laeve,asclepiadaceae,p,f,n,.,
2023,193,euphor,denta,euphorbia,dentata,euphorbiaceae,a,f,n,.,
2023,194,physal,heter,physalis,heterophylla,solanaceae,p,f,n,.,
2023,195,digita,sangu,digitaria,sanguinalis,poaceae,a,g,i,c4,
2023,196,heliop,helia,heliopsis,helianthoides,asteraceae,p,f,n,.,
2023,197,carduu,nutan,carduus,nutans,asteraceae,b,f,i,.,
2023,198,nepeta,catar,nepeta,cataria,lamiaceae,p,f,i,.,
2023,199,gledit,triac,gleditsia,triacanthos,fabaceae,p,w,n,.,
2023,200,celtis,occid,celtis,occidentalis,cannabaceae,p,w,n,.,
2023,201,silphi,integ,silphium,integrifolium,asteraceae,p,f,n,.,
2023,202,mirabi,nycta,mirabilis,nyctaginea,nyctaginaceae,p,f,n,.,
2023,203,cyperu,odora,cyperus,odoratus,cyperaceae,a,s,n,.,
2023,204,acalyp,ostry,acalypha,ostryifolia,euphorbiaceae,a,f,n,.,
2023,205,polygo,ramos,polygonum,ramosissimum,polygonaceae,a,f,n,.,
2023,206,viola,nephr,viola,nephrophylla,violaceae,p,f,n,.,
2023,207,.,.,.,.,.,.,.,.,.,
2023,208,solanu,rostr,solanum,rostratum,solanaceae,a,f,n,.,
2023,209,setari,virid,setaria,viridis,poaceae,a,g,i,c4,
2023,210,carex,spp.,carex,spp.,cyperaceae,p,s,n,.,
2023,211,ambros,artem,ambrosia,artemisiifolia,asteraceae,a,f,n,.,
2023,212,amaran,tuber,amaranthus,tuberculatus,amaranthaceae,a,f,n,.,
2023,213,amaran,retro,amaranthus,retroflexus,amaranthaceae,a,f,i,.,
2023,214,cucurb,foeti,cucurbita,foetidissima,cucurbitaceae,p,f,n,.,
2023,215,amaran,blito,amaranthus,blitoides,amaranthaceae,a,f,n,.,
2023,216,euphor,serpe,euphorbia,serpens,euphorbiaceae,a,f,n,.,
2023,217,helian,annuu,helianthus,annuus,asteraceae,a,f,n,.,
2023,218,triden,flavu,tridens,flavus,poaceae,p,g,n,c4,
2023,219,parthe,quinq,parthenocissus,quinquefolia,vitaceae,p,w,n,.,
2023,220,fallop,scand,fallopia,scandens,polygonaceae,p,f,i,.,
2023,221,sporob,vagin,sporobolus,vaginiflorus,poaceae,a,g,n,c4,
2023,222,rosa,bland,rosa,blanda,rosaceae,p,w,n,.,
2023,223,stenar,nigri,stenaria,nigricans,rubiaceae,p,f,n,.,
2023,224,glandu,canad,glandularia,canadensis,verbenaceae,p,f,n,.,
2023,225,mentze,oligo,mentzelia,oligosperma,loasaceae,p,f,n,.,
2023,226,euphor,stict,euphorbia,stictospora,euphorbiaceae,a,f,n,.,
2023,227,vicia,ameri,vicia,americana,fabaceae,p,f,n,.,
2023,228,mirabi,albid,mirabilis,albida,nyctaginaceae,p,f,n,.,
2023,229,hopia,obtus,hopia,obtusa,poaceae,p,g,n,c4,
2023,230,sambuc,canad,sambucus,canadensis,adoxaceae,p,w,n,.,
2023,231,toxico,radic,toxicodendron,radicans,anacardiaceae,p,w,n,.,
2023,232,menisp,canad,menispermum,canadense,menispermaceae,p,w,n,.,
2023,233,planta,virgi,plantago,virginica,plantaginaceae,a,f,i,.,
2023,234,rhus,glabr,rhus,glabra,anacardiaceae,p,w,n,.,
2023,235,roripp,sinua,rorippa,sinuata,brassicaceae,p,f,n,.,
2023,236,hordeu,jubat,hordeum,jubatum,poaceae,p,g,n,c3,
2023,237,carex,brach,carex,brachyglossa,cyperaceae,p,s,n,.,
2023,238,juncus,dudle,juncus,dudleyi,cyperaceae,p,s,n,.,
2023,239,.,.,.,.,.,.,.,.,.,
2023,240,amorph,fruti,amorpha,fruticosa,fabaceae,p,w,n,.,
2023,241,morus,rubra,morus,rubra,moraceae,p,w,n,.,
2023,242,juncus,torre,juncus,torreyi,cyperaceae,p,s,n,.,
2023,243,eriger,spp.,erigeron,spp.,asteraceae,a,f,n,.,
2023,244,scirpu,atrov,scirpus,atrovirens,cyperaceae,p,s,n,.,
2023,245,allium,spp.,allium,spp.,liliaceae,p,m,n,.,
2023,246,chenop,berla,chenopodium,berlandieri,amaranthaceae,a,f,n,.,
2023,247,lythru,alatu,lythrum,alatum,lythraceae,p,f,n,.,
2023,248,.,.,.,.,.,.,.,.,.,
2023,249,.,.,.,.,.,.,.,.,.,
2023,250,euphor,spp.,euphorbia,spp.,euphorbiaceae,a,f,n,.,
2023,251,.,.,.,.,.,.,.,.,.,
2023,252,.,.,.,.,.,.,.,.,.,
2023,253,mirabi,linea,mirabilis,linearis,nyctaginaceae,p,f,n,.,
2023,254,polani,dodec,polanisia,dodecandra,capparaceae,a,f,n,.,
2023,255,monard,fistu,monarda,fistulosa,lamiaceae,a,f,n,.,
2023,256,tricho,brach,trichostema,brachiatum,lamiaceae,a,f,n,.,
2023,257,acalyp,monoc,acalypha,monococca,euphorbiaceae,a,f,n,.,
2023,258,probos,louis,proboscidea,louisianica,pedaliaceae,a,f,n,.,
2023,259,monard,citri,monarda,citriodora,lamiaceae,a,f,n,.,
2023,260,zizia,aurea,zizia,aurea,apiaceae,p,f,n,.,
2023,261,torili,arven,torilis,arvensis,apiaceae,a,f,n,.,
2023,262,rhus,aroma,rhus,aromatica,anacardiaceae,p,w,n,.,
2023,263,.,.,.,.,.,.,.,.,.,
2023,264,arisae,draco,arisaema,dracontium,araceae,p,m,n,.,
2023,265,asclep,sulli,asclepias,sullivantii,asclepiadaceae,p,f,n,.,
2023,266,krigia,cespi,krigia,cespitosa,asteraceae,a,f,n,.,
2023,267,.,.,.,.,.,.,.,.,.,
2023,268,sonchu,asper,sonchus,asper,asteraceae,a,f,i,.,
2023,269,xanthi,strum,xanthium,strumarium,asteraceae,a,f,n,.,
2023,270,symphy,lance,symphyotrichum,lanceolatum,asteraceae,p,f,n,.,
2023,271,helian,petio,helianthus,petiolaris,asteraceae,a,f,n,.,
2023,272,dyssod,pappo,dyssodia,papposa,asteraceae,a,f,n,.,
2023,273,lactuc,canad,lactuca,canadensis,asteraceae,b,f,n,.,
2023,274,conyza,ramos,conyza,ramosissima,asteraceae,a,f,n,.,
2023,275,silphi,lacin,silphium,laciniatum,asteraceae,p,f,n,.,
2023,276,cynogl,offic,cynoglossum,officinale,boraginaceae,b,f,i,.,
2023,277,hackel,virgi,hackelia,virginiana,boraginaceae,b,f,n,.,
2023,278,roripp,nastu,rorippa,nasturtium-aquaticum,brassicaceae,p,f,i,.,
2023,279,erysim,repan,erysimum,repandum,brassicaceae,a,f,i,.,
2023,280,roripp,palus,rorippa,palustris,brassicaceae,a,f,n,.,
2023,281,lobeli,cardi,lobelia,cardinalis,campanulaceae,p,f,n,.,
2023,282,campan,ameri,campanula,americana,campanulaceae,p,f,n,.,
2023,283,cannab,sativ,cannabis,sativa,cannabaceae,a,f,n,.,
2023,284,triost,perfo,triosteum,perfoliatum,caprifoliaceae,p,f,n,.,
2023,285,silene,stell,silene,stellata,caryophyllaceae,p,f,n,.,
2023,286,euonym,atrop,euonymus,atropurpureus,celastraceae,p,w,n,.,
2023,287,chenop,simpl,chenopodium,simplex,amaranthaceae,a,f,n,.,
2023,288,chenop,palle,chenopodium,pallescens,amaranthaceae,a,f,n,.,
2023,289,kochia,scopa,kochia,scoparia,amaranthaceae,a,f,i,.,
2023,290,commel,erect,commelina,erecta,commelinaceae,p,f,n,.,
2023,291,convol,arven,convolvulus,arvensis,convolvulaceae,p,f,i,.,
2023,292,pentho,sedoi,penthorum,sedoides,crassulaceae,p,f,n,.,
2023,293,junipe,virgi,juniperus,virginiana,cupressaceae,p,w,n,.,
2023,294,alopec,carol,alopecurus,carolinianus,poaceae,a,g,n,c3,
2023,295,carex,hyste,carex,hystericina,cyperaceae,p,s,n,.,
2023,296,schoen,taber,schoenoplectus,tabernaemontani,cyperaceae,p,s,n,.,
2023,297,scirpu,pendu,scirpus,pendulus,cyperaceae,p,s,n,.,
2023,298,cyperu,acumi,cyperus,acuminatus,cyperaceae,a,s,n,.,
2023,299,euphor,prost,euphorbia,prostrata,euphorbiaceae,a,f,i,.,
2023,300,euphor,nutan,euphorbia,nutans,euphorbiaceae,a,f,n,.,
2023,301,euphor,missu,euphorbia,missurica,euphorbiaceae,a,f,n,.,
2023,302,euphor,cyath,euphorbia,cyathophora,euphorbiaceae,a,f,n,.,
2023,303,croton,capit,croton,capitatus,euphorbiaceae,a,f,n,.,
2023,304,quercu,muehl,quercus,muehlenbergii,fagaceae,p,w,n,.,
2023,305,quercu,macro,quercus,macrocarpa,fagaceae,p,w,n,.,
2023,306,hyperi,perfo,hypericum,perforatum,clusiaceae,p,f,i,.,
2023,307,aescul,glabr,aesculus,glabra,hippocastanaceae,p,w,n,.,
2023,308,sisyri,angus,sisyrinchium,angustifolium,iridaceae,p,m,n,.,
2023,309,carya,cordi,carya,cordiformis,juglandaceae,p,w,n,.,
2023,310,juglan,nigra,juglans,nigra,juglandaceae,p,w,n,.,
2023,311,agasta,nepet,agastache,nepetoides,lamiaceae,p,f,n,.,
2023,312,mentha,canad,mentha,canadensis,lamiaceae,p,f,n,.,
2023,313,salvia,refle,salvia,reflexa,lamiaceae,a,f,n,.,
2023,314,stachy,palus,stachys,palustris,lamiaceae,p,f,n,.,
2023,315,leonur,cardi,leonurus,cardiaca,lamiaceae,a,f,i,.,
2023,316,yucca,glauc,yucca,glauca,asparagaceae,p,m,n,.,
2023,317,gymnoc,dioic,gymnocladus,dioicus,fabaceae,p,w,n,.,
2023,318,crotal,sagit,crotalaria,sagittalis,fabaceae,a,f,n,.,
2023,319,glycyr,lepid,glycyrrhiza,lepidota,fabaceae,p,f,n,.,
2023,320,desmod,gluti,desmodium,glutinosum,fabaceae,p,f,n,.,
2023,321,desman,illin,desmanthus,illinoensis,fabaceae,p,f,n,.,
2023,322,senna,maril,senna,marilandica,fabaceae,p,f,n,.,
2023,323,chamae,fasci,chamaecrista,fasciculata,fabaceae,a,f,n,.,
2023,324,cercis,canad,cercis,canadensis,fabaceae,p,w,n,.,
2023,325,abutil,theop,abutilon,theophrasti,malvaceae,a,f,i,.,
2023,326,hibisc,trion,hibiscus,trionum,malvaceae,a,f,i,.,
2023,327,malvas,angus,malvastrum,angustum,malvaceae,a,f,n,.,
2023,328,morus,alba,morus,alba,moraceae,p,w,i,.,
2023,329,fraxin,penns,fraxinus,pennsylvanica,oleaceae,p,w,n,.,
2023,330,oenoth,serru,oenothera,serrulata,onagraceae,p,f,n,.,
2023,331,oenoth,villo,oenothera,villosa,onagraceae,b,f,n,.,
2023,332,spiran,verna,spiranthes,vernalis,orchidaceae,p,m,n,.,
2023,333,polygo,tenue,polygonum,tenue,polygonaceae,a,f,n,.,
2023,334,phryma,lepto,phryma,leptostachya,phrymaceae,p,f,n,.,
2023,335,phytol,ameri,phytolacca,americana,phytolaccaceae,p,f,n,.,
2023,336,planta,rugel,plantago,rugelii,plantaginaceae,p,f,n,.,
2023,337,planta,arist,plantago,aristata,plantaginaceae,a,f,n,.,
2023,338,planta,patag,plantago,patagonica,plantaginaceae,a,f,n,.,
2023,339,platan,occid,platanus,occidentalis,platanaceae,p,w,n,.,
2023,340,muhlen,racem,muhlenbergia,racemosa,poaceae,p,g,n,c4,
2023,341,muhlen,frond,muhlenbergia,frondosa,poaceae,p,g,n,c4,
2023,342,.,.,.,.,.,.,.,.,.,
2023,343,aristi,purpu,aristida,purpurea,poaceae,p,g,n,c4,
2023,344,cenchr,longi,cenchrus,longispinus,poaceae,a,g,n,c4,
2023,345,.,.,.,.,.,.,.,.,.,
2023,346,erythe,geyer,erythranthe,geyeri,phrymaceae,p,f,n,.,
2023,347,leucos,multi,leucospora,multifida,scrophulariaceae,a,f,n,.,
2023,348,bacopa,rotun,bacopa,rotundifolia,plantaginaceae,p,f,n,.,
2023,349,ribes,misso,ribes,missouriense,grossulariaceae,p,w,n,.,
2023,350,.,.,.,.,.,.,.,.,.,
2023,351,salix,exigu,salix,exigua,salicaceae,p,w,n,.,
2023,352,salix,nigra,salix,nigra,salicaceae,p,w,n,.,
2023,353,salix,amygd,salix,amygdaloides,salicaceae,p,w,n,.,
2023,354,populu,delto,populus,deltoides,salicaceae,p,w,n,.,
2023,355,zantho,ameri,zanthoxylum,americanum,rutaceae,p,w,n,.,
2023,356,galium,circa,galium,circaezans,rubiaceae,p,f,n,.,
2023,357,geum,canad,geum,canadense,rosaceae,p,f,n,.,
2023,358,fragar,virgi,fragaria,virginiana,rosaceae,p,f,n,.,
2023,359,prunus,angus,prunus,angustifolia,rosaceae,p,w,n,.,
2023,360,prunus,pumil,prunus,pumila,rosaceae,p,w,n,.,
2023,361,rubus,pensi,rubus,pensilvanicus,rosaceae,p,w,n,.,
2023,362,smilax,tamno,smilax,tamnoides,smilacaceae,p,w,n,.,
2023,363,clemat,pitch,clematis,pitcheri,ranunculaceae,p,w,n,.,
2023,364,thalic,dasyc,thalictrum,dasycarpum,ranunculaceae,p,f,n,.,
2023,365,argryo,dealb,argyrochosma,dealbata,pteridaceae,p,c,n,.,
2023,366,pellae,glabe,pellaea,glabella,pteridaceae,p,c,n,.,
2023,367,woodsi,obtus,woodsia,obtusa,dryopteridaceae,p,c,n,.,
2023,368,polygo,achor,polygonum,achoreum,polygonaceae,a,f,n,.,
2023,369,persica,lapat,persicaria,lapathifolia,polygonaceae,a,f,n,.,
2023,370,persica,pensy,persicaria,pensylvanica,polygonaceae,a,f,n,.,
2023,371,persica,macul,persicaria,maculosa,polygonaceae,a,f,i,.,
2023,372,persica,punct,persicaria,punctata,polygonaceae,a,f,n,.,
2023,373,hespst,spart,hesperostipa,spartea,poaceae,p,g,n,c3,
2023,374,sitani,hystr,sitanion,hystrix,poaceae,p,g,n,c3,
2023,375,glycer,stria,glyceria,striata,poaceae,p,g,n,c3,
2023,376,leersi,oryzo,leersia,oryzoides,poaceae,p,g,n,c3,
2023,377,elymus,villo,elymus,villosus,poaceae,p,g,n,c3,
2023,378,paspal,setac,paspalum,setaceum,poaceae,p,g,n,c4,
2023,379,echino,crusg,echinochloa,crus-galli,poaceae,a,g,i,c4,
2023,380,verben,bract,verbena,bracteata,verbenaceae,p,f,n,.,
2023,381,verben,urtic,verbena,urticifolia,verbenaceae,p,f,n,.,
2023,382,tilia,ameri,tilia,americana,tiliaceae,p,w,n,.,
2023,383,typha,latif,typha,latifolia,typhaceae,p,m,n,.,
2023,384,solanu,ptyca,solanum,ptycanthum,solanaceae,a,f,n,.,
2023,385,physal,pubes,physalis,pubescens,solanaceae,a,f,n,.,
2023,386,veroni,anaga,veronica,anagallis-aquatica,plantaginaceae,p,f,n,.,
2023,387,verbas,thaps,verbascum,thapsus,scrophulariaceae,b,f,i,.,
2023,388,scroph,lance,scrophularia,lanceolata,scrophulariaceae,p,f,n,.,
2023,389,liatri,asper,liatris,aspera,asteraceae,p,f,n,.,
2023,390,tribul,terre,tribulus,terrestris,zygophyllaceae,a,f,n,.,
2023,391,vitis,ripar,vitis,riparia,vitaceae,p,w,n,.,
2023,392,botryc,virgi,botrychium,virginianum,ophioglossaceae,p,c,n,.,
2023,393,ruelli,strep,ruellia,strepens,acanthaceae,p,f,n,.,
2023,394,acer,negun,acer,negundo,aceraceae,p,w,n,.,
2023,395,asimin,trilo,asimina,triloba,annonaceae,p,w,n,.,
2023,396,chaero,procu,chaerophyllum,procumbens,apiaceae,a,f,n,.,
2023,397,sanicu,canad,sanicula,canadensis,apiaceae,b,f,n,.,
2023,398,arctiu,minus,arctium,minus,asteraceae,b,f,n,.,
2023,399,symphy,drumm,symphyotrichum,drummondii,asteraceae,p,f,n,.,
2023,400,symphy,laeve,symphyotrichum,laeve,asteraceae,p,f,n,.,
2023,401,symphy,subul,symphyotrichum,subulatum,asteraceae,a,f,n,.,
2023,402,bidens,bipin,bidens,bipinnata,asteraceae,a,f,n,.,
2023,403,bidens,cernu,bidens,cernua,asteraceae,a,f,n,.,
2023,404,bidens,frond,bidens,frondosa,asteraceae,a,f,n,.,
2023,405,bidens,polyl,bidens,polylepis,asteraceae,a,f,n,.,
2023,406,hetero,canes,heterotheca,canescens,asteraceae,p,f,n,.,
2023,407,cirsiu,altis,cirsium,altissimum,asteraceae,b,f,n,.,
2023,408,cirsiu,vulga,cirsium,vulgare,asteraceae,b,f,i,.,
2023,409,eriger,phila,erigeron,philadelphicus,asteraceae,b,f,n,.,
2023,410,eupato,altis,eupatorium,altissimum,asteraceae,p,f,n,.,
2023,411,helian,tuber,helianthus,tuberosus,asteraceae,p,f,n,.,
2023,412,liatri,mucro,liatris,mucronata,asteraceae,p,f,n,.,
2023,413,verbes,alter,verbesina,alternifolia,asteraceae,p,f,n,.,
2023,414,ostrya,virgi,ostrya,virginiana,betulaceae,p,w,n,.,
2023,415,buglos,arven,buglossoides,arvensis,boraginaceae,a,f,i,.,
2023,416,lithos,canes,lithospermum,canescens,boraginaceae,p,f,n,.,
2023,417,alliar,petio,alliaria,petiolata,brassicaceae,b,f,i,.,
2023,418,cameli,micro,camelina,microcarpa,brassicaceae,a,f,i,.,
2023,419,cardam,conca,cardamine,concatenata,brassicaceae,p,f,n,.,
2023,420,draba,cunei,draba,cuneifolia,brassicaceae,a,f,n,.,
2023,421,hesper,matro,hesperis,matronalis,brassicaceae,p,f,i,.,
2023,422,thlasp,arven,thlaspi,arvense,brassicaceae,a,f,i,.,
2023,423,lobeli,siphi,lobelia,siphilitica,campanulaceae,p,f,n,.,
2023,424,dianth,armer,dianthus,armeria,caryophyllaceae,a,f,i,.,
2023,425,celast,scand,celastrus,scandens,celastraceae,p,w,n,.,
2023,426,chenop,stand,chenopodium,standleyanum,amaranthaceae,a,f,n,.,
2023,427,monole,nutta,monolepis,nuttalliana,amaranthaceae,a,f,n,.,
2023,428,evolvu,nutta,evolvulus,nuttallianus,convolvulaceae,p,f,n,.,
2023,429,ipomoe,heder,ipomoea,hederacea,convolvulaceae,a,f,i,.,
2023,430,sicyos,angul,sicyos,angulatus,cucurbitaceae,a,f,n,.,
2023,431,cuscut,glome,cuscuta,glomerata,cuscutaceae,a,f,n,.,
2023,432,astrag,misso,astragalus,missouriensis,fabaceae,p,f,n,.,
2023,433,desmod,panic,desmodium,paniculatum,fabaceae,p,f,n,.,
2023,434,desmod,sessi,desmodium,sessilifolium,fabaceae,p,f,n,.,
2023,435,coryda,micra,corydalis,micrantha,fumariaceae,a,f,n,.,
2023,436,dicent,cucul,dicentra,cucullaria,fumariaceae,p,f,n,.,
2023,437,ellisi,nycte,ellisia,nyctelea,boraginaceae,a,f,n,.,
2023,438,ammann,cocci,ammannia,coccinea,lythraceae,a,f,n,.,
2023,439,sida,spino,sida,spinosa,malvaceae,a,f,i,.,
2023,440,maclur,pomif,maclura,pomifera,moraceae,p,w,n,.,
2023,441,oenoth,glauc,oenothera,glaucifolia,onagraceae,b,f,n,.,
2023,442,phlox,divar,phlox,divaricata,polemoniaceae,p,f,n,.,
2023,443,persica,amphi,persicaria,amphibia,polygonaceae,p,f,n,.,
2023,444,portul,olera,portulaca,oleracea,portulacaceae,a,f,n,.,
2023,445,lysima,cilia,lysimachia,ciliata,primulaceae,p,f,n,.,
2023,446,ranunc,abort,ranunculus,abortivus,ranunculaceae,b,f,n,.,
2023,447,prunus,virgi,prunus,virginiana,rosaceae,p,w,n,.,
2023,448,penste,tubif,penstemon,tubiflorus,plantaginaceae,p,f,n,.,
2023,449,agalin,densi,agalinis,densiflora,orobanchaceae,a,f,n,.,
2023,450,veroni,pereg,veronica,peregrina,plantaginaceae,a,f,n,.,
2023,451,urtica,dioic,urtica,dioica,urticaceae,p,f,n,.,
2023,452,phyla,lance,phyla,lanceolata,verbenaceae,p,f,n,.,
2023,453,verben,hasta,verbena,hastata,verbenaceae,p,f,n,.,
2023,454,alisma,subco,alisma,subcordatum,alismataceae,p,m,n,.,
2023,455,sagitt,latif,sagittaria,latifolia,alismataceae,p,m,n,.,
2023,456,trades,ohien,tradescantia,ohiensis,commelinaceae,p,m,n,.,
2023,457,allium,stell,allium,stellatum,liliaceae,p,m,n,.,
2023,458,aspara,offic,asparagus,officinalis,asparagaceae,p,m,i,.,
2023,459,erythr,albid,erythronium,albidum,liliaceae,p,m,n,.,
2023,460,najas,guada,najas,guadalupensis,hydrocharitaceae,a,m,n,.,
2023,461,agrost,stolo,agrostis,stolonifera,poaceae,p,g,i,c3,
2023,462,bothri,bladh,bothriochloa,bladhii,poaceae,p,g,i,c4,
2023,463,erioch,contr,eriochloa,contracta,poaceae,a,g,n,c4,
2023,464,phleum,prate,phleum,pratense,poaceae,p,g,i,c3,
2023,465,potamo,folio,potamogeton,foliosus,potamogetonaceae,p,m,n,.,
2023,466,potamo,nodos,potamogeton,nodosus,potamogetonaceae,p,m,n,.,
2023,467,potamo,pusil,potamogeton,pusillus,potamogetonaceae,p,m,n,.,
2023,468,veroni,agres,veronica,agrestis,plantaginaceae,a,f,i,.,
2023,469,stroph,helvo,strophostyles,helvola,fabaceae,a,f,n,.,
2023,470,lactuc,ludov,lactuca,ludoviciana,asteraceae,b,f,n,.,
2023,471,.,.,.,.,.,.,.,.,.,
2023,472,.,.,.,.,.,.,.,.,.,
2023,473,tritic,aesti,triticum,aestivum,poaceae,a,g,i,c3,
2023,474,gailla,pulch,gaillardia,pulchella,asteraceae,a,f,n,.,
2023,475,eriger,annuu,erigeron,annuus,asteraceae,a,f,n,.,
2023,476,.,.,.,.,.,.,.,.,.,
2023,477,.,.,.,.,.,.,.,.,.,
2023,478,.,.,.,.,.,.,.,.,.,
2023,479,.,.,.,.,.,.,.,.,.,
2023,480,.,.,.,.,.,.,.,.,.,
2023,481,.,.,.,.,.,.,.,.,.,
2023,482,annual,forb,annual,forb,unknown,a,f,n,.,
2023,483,trifol,repen,trifolium,repens,fabaceae,p,f,i,.,
2023,484,.,.,.,.,.,.,.,.,.,
2023,485,.,.,.,.,.,.,.,.,.,
2023,486,.,.,.,.,.,.,.,.,.,
2023,487,.,.,.,.,.,.,.,.,.,
2023,488,.,.,.,.,.,.,.,.,.,
2023,489,.,.,.,.,.,.,.,.,.,
2023,490,.,.,.,.,.,.,.,.,.,
2023,491,.,.,.,.,.,.,.,.,.,
2023,492,.,.,.,.,.,.,.,.,.,
2023,493,.,.,.,.,.,.,.,.,.,
2023,494,.,.,.,.,.,.,.,.,.,
2023,495,.,.,.,.,.,.,.,.,.,
2023,496,.,.,.,.,.,.,.,.,.,
2023,497,.,.,.,.,.,.,.,.,.,
2023,498,.,.,.,.,.,.,.,.,.,
2023,499,.,.,.,.,.,.,.,.,.,
2023,500,helian,pauci,helianthus,pauciflorus,asteraceae,p,f,n,.,
2023,501,ophiog,vulga,ophioglossum,vulgatum,ophioglossaceae,p,c,n,.,
2023,502,poa,compr,poa,compressa,poaceae,p,g,i,c3,
2023,503,potent,simpl,potentilla,simplex,rosaceae,p,f,n,.,
2023,504,chaero,taint,chaerophyllum,tainturieri,apiaceae,a,f,n,.,
2023,505,desmod,canes,desmodium,canescens,fabaceae,p,f,n,.,
2023,506,chrysa,leuca,chrysanthemum,leucanthemum,asteraceae,p,f,i,.,
2023,507,rubus,occid,rubus,occidentalis,rosaceae,p,w,n,.,
2023,508,scroph,maril,scrophularia,marilandica,scrophulariaceae,p,f,n,.,
2023,509,lamium,ample,lamium,amplexicaule,lamiaceae,a,f,i,.,
2023,510,ulmus,rubra,ulmus,rubra,cannabaceae,p,w,n,.,
2023,511,robini,pseud,robinia,pseudo-acacia,fabaceae,p,w,n,.,
2023,512,bothri,ischa,bothriochloa,ischaemum,poaceae,p,g,i,c4,
2023,515,helian,maxim,helianthus,maximilianii,asteraceae,p,f,n,.,
2023,516,asclep,lanug,asclepias,lanuginosa,asclepiadaceae,p,f,n,.,
2023,517,securi,varia,securigera,varia,fabaceae,p,f,i,.,
2023,518,erecht,hiera,erechtites,hieraciifolia,asteraceae,a,f,n,.,
2023,519,carex,austr,carex,austrina,cyperaceae,p,s,n,.,
2023,520,pseudo,obtus,pseudognaphalium,obtusifolium,asteraceae,a,f,n,.,
2023,521,amphia,dracu,amphiachyris,dracunculoides,asteraceae,a,f,n,.,
2023,522,symphy,pilos,symphyotrichum,pilosum,asteraceae,p,f,n,.,
2023,523,euphor,macul,euphorbia,maculata,euphorbiaceae,a,f,n,.,
2023,524,veroni,arven,veronica,arvensis,plantaginaceae,a,f,i,.,
2023,525,arenar,serpy,arenaria,serpyllifolia,caryophyllaceae,a,f,i,.,
2023,526,euphor,david,euphorbia,davidii,euphorbiaceae,a,f,i,.,
2023,527,solida,gigan,solidago,gigantea,asteraceae,p,f,n,.,
2023,528,cuscut,indec,cuscuta,indecora,cuscutaceae,a,f,n,.,
2023,529,eragro,cilia,eragrostis,cilianensis,poaceae,a,g,i,c4,
2023,530,cuscut,coryl,cuscuta,coryli,cuscutaceae,a,f,n,.,
2023,531,polygo,avicu,polygonum,aviculare,polygonaceae,a,f,i,.,
2023,532,physal,misso,physalis,missouriensis,solanaceae,a,f,n,.,
2023,533,solida,canad,solidago,canadensis,asteraceae,p,f,n,.,
2023,534,oxalis,dille,oxalis,dillenii,oxalidaceae,p,f,n,.,
2023,535,taraxa,eryth,taraxacum,erythrospermum,asteraceae,p,f,i,.,
2023,536,pyrus,calle,pyrus,calleryana,rosaceae,p,w,i,.,
2023,537,solida,petio,solidago,petiolaris,asteraceae,p,f,n,.,
2023,538,physal,longi,physalis,longifolia,solanaceae,p,f,n,.,
2023,539,lepidi,virgi,lepidium,virginicum,brassicaceae,a,f,n,.,
2023,540,draba,brach,draba,brachycarpa,brassicaceae,a,f,n,.,
2023,541,lonice,maack,lonicera,maackii,caprifoliaceae,p,w,i,.,
2023,542,carex,bickn,carex,bicknellii,cyperaceae,p,s,n,.,
2023,543,tragia,ramos,tragia,ramosa,euphorbiaceae,p,f,n,.,
2023,544,ampelo,corda,ampelopsis,cordata,vitaceae,p,w,n,.,
2023,545,lesped,xmann,lespedeza,X manniana,fabaceae,p,f,n,.,
2023,546,desmod,perpl,desmodium,perplexum,fabaceae,p,f,n,.,
2023,547,viola,misso,viola,missouriensis,violaceae,p,f,n,.,
2023,548,carex,grise,carex,grisea,cyperaceae,p,s,n,.,
2023,549,lesped,cunea,lespedeza,cuneata,fabaceae,p,f,i,.,
2023,550,asclep,asper,asclepias,asperula,asclepiadaceae,p,f,n,.,
2023,551,setari,faber,setaria,faberi,poaceae,a,g,i,c4,
2023,552,dichan,wilco,dichanthelium,wilcoxianum,poaceae,p,g,n,c3,
2023,553,ulmus,pumil,ulmus,pumila,cannabaceae,p,w,i,.,
2023,554,vitis,vulpi,vitis,vulpina,vitaceae,P,w,n,.,
2023,555,persic,hydro,persicaria,hydropiperoides,polygonaceae,p,f,n,.,
2023,556,carex,oligo,carex,oligocarpa,cyperaceae,p,s,n,.,
2023,557,viola,soror,viola,sororia,violaceae,p,f,n,.,
2023,558,rubus,flage,rubus,flagellaris,rosaceae,p,w,n,.,
2023,559,leersi,virgi,leersia,virginica,poaceae,p,g,n,c3,
2023,560,persic,virgi,persicaria,virginiana,polygonaceae,p,f,n,.,
2023,561,dichan,leibe,dichanthelium,leibergii,poaceae,p,g,n,c3,
2023,562,malus,bacca,malus,baccata,rosaceae,p,w,i,.,
2023,563,cyperu,squar,cyperus,squarrosus,cyperaceae,a,s,n,.,
